-- VEHICULOS
insert into VEHICULOS (ID, MATRICULA, MODELO, KM) values (1, 'ABC123', 'BMW', 990795);
insert into VEHICULOS (ID, MATRICULA, MODELO, KM) values (2, 'GHI789', 'Nissan', 321950);
insert into VEHICULOS (ID, MATRICULA, MODELO, KM) values (3, 'JKL012', 'Nissan', 642286);
insert into VEHICULOS (ID, MATRICULA, MODELO, KM) values (4, 'GHI789', 'Dodge', 316491);
insert into VEHICULOS (ID, MATRICULA, MODELO, KM) values (5, 'MNO345', 'Mitsubishi', 17574);
insert into VEHICULOS (ID, MATRICULA, MODELO, KM) values (6, 'DEF456', 'Pontiac', 150701);
insert into VEHICULOS (ID, MATRICULA, MODELO, KM) values (7, 'JKL012', 'Dodge', 957378);
insert into VEHICULOS (ID, MATRICULA, MODELO, KM) values (8, 'DEF456', 'Chevrolet', 5120);
insert into VEHICULOS (ID, MATRICULA, MODELO, KM) values (9, 'JKL012', 'Mazda', 432420);
insert into VEHICULOS (ID, MATRICULA, MODELO, KM) values (10, 'GHI789', 'Toyota', 581064);
insert into VEHICULOS (ID, MATRICULA, MODELO, KM) values (11, 'GHI789', 'Dodge', 882983);
insert into VEHICULOS (ID, MATRICULA, MODELO, KM) values (12, 'GHI789', 'Porsche', 245598);
insert into VEHICULOS (ID, MATRICULA, MODELO, KM) values (13, 'MNO345', 'Suzuki', 336702);
insert into VEHICULOS (ID, MATRICULA, MODELO, KM) values (14, 'MNO345', 'Chevrolet', 534738);
insert into VEHICULOS (ID, MATRICULA, MODELO, KM) values (15, 'MNO345', 'Chevrolet', 302614);
insert into VEHICULOS (ID, MATRICULA, MODELO, KM) values (16, 'JKL012', 'Ford', 368569);
insert into VEHICULOS (ID, MATRICULA, MODELO, KM) values (17, 'JKL012', 'Mitsubishi', 637359);
insert into VEHICULOS (ID, MATRICULA, MODELO, KM) values (18, 'MNO345', 'Audi', 675143);
insert into VEHICULOS (ID, MATRICULA, MODELO, KM) values (19, 'MNO345', 'Toyota', 486886);
insert into VEHICULOS (ID, MATRICULA, MODELO, KM) values (20, 'ABC123', 'Audi', 253651);

-- MANTENIMIENTOS
insert into MANTENIMIENTOS (id, tipo, fecha, km, proxima, descripcion, vehiculo) values (1, 'RUEDAS', '2023-05-04', 26, '2023-03-30', 'nullam molestie nibh in lectus pellentesque at nulla suspendisse potenti', 12);
insert into MANTENIMIENTOS (id, tipo, fecha, km, proxima, descripcion, vehiculo) values (2, 'CORREA', '2023-05-24', 82, '2023-11-24', 'rhoncus dui vel sem sed sagittis nam congue risus semper', 12);
insert into MANTENIMIENTOS (id, tipo, fecha, km, proxima, descripcion, vehiculo) values (3, 'RUEDAS', '2023-10-15', 82, '2023-11-04', 'habitasse platea dictumst etiam faucibus cursus urna ut tellus nulla', 7);
insert into MANTENIMIENTOS (id, tipo, fecha, km, proxima, descripcion, vehiculo) values (4, 'RUEDAS', '2023-10-21', 7, '2023-06-16', 'nascetur ridiculus mus vivamus vestibulum sagittis sapien cum sociis natoque', 8);
insert into MANTENIMIENTOS (id, tipo, fecha, km, proxima, descripcion, vehiculo) values (5, 'LIQUIDO_FRENOS', '2023-01-25', 34, '2023-07-23', 'venenatis tristique fusce congue diam id ornare imperdiet sapien urna', 11);
insert into MANTENIMIENTOS (id, tipo, fecha, km, proxima, descripcion, vehiculo) values (6, 'ACEITE', '2023-09-05', 64, '2023-08-03', 'curabitur in libero ut massa volutpat convallis morbi odio odio', 2);
insert into MANTENIMIENTOS (id, tipo, fecha, km, proxima, descripcion, vehiculo) values (7, 'CORREA', '2023-09-07', 8, '2023-12-03', 'felis donec semper sapien a libero nam dui proin leo', 1);
insert into MANTENIMIENTOS (id, tipo, fecha, km, proxima, descripcion, vehiculo) values (8, 'CORREA', '2023-07-04', 87, '2023-05-05', 'et magnis dis parturient montes nascetur ridiculus mus vivamus vestibulum', 16);
insert into MANTENIMIENTOS (id, tipo, fecha, km, proxima, descripcion, vehiculo) values (9, 'LIQUIDO_FRENOS', '2023-03-01', 31, '2023-09-07', 'erat nulla tempus vivamus in felis eu sapien cursus vestibulum', 17);
insert into MANTENIMIENTOS (id, tipo, fecha, km, proxima, descripcion, vehiculo) values (10, 'ACEITE', '2023-01-10', 51, '2023-06-02', 'nisl aenean lectus pellentesque eget nunc donec quis orci eget', 4);
insert into MANTENIMIENTOS (id, tipo, fecha, km, proxima, descripcion, vehiculo) values (11, 'LIQUIDO_FRENOS', '2023-09-17', 64, '2023-09-09', 'quam turpis adipiscing lorem vitae mattis nibh ligula nec sem', 1);
insert into MANTENIMIENTOS (id, tipo, fecha, km, proxima, descripcion, vehiculo) values (12, 'CORREA', '2023-06-05', 43, '2023-10-29', 'quisque id justo sit amet sapien dignissim vestibulum vestibulum ante', 13);
insert into MANTENIMIENTOS (id, tipo, fecha, km, proxima, descripcion, vehiculo) values (13, 'CORREA', '2023-05-05', 76, '2023-07-04', 'ligula vehicula consequat morbi a ipsum integer a nibh in', 20);
insert into MANTENIMIENTOS (id, tipo, fecha, km, proxima, descripcion, vehiculo) values (14, 'ACEITE', '2023-02-14', 100, '2023-10-29', 'blandit non interdum in ante vestibulum ante ipsum primis in', 5);
insert into MANTENIMIENTOS (id, tipo, fecha, km, proxima, descripcion, vehiculo) values (15, 'RUEDAS', '2023-01-30', 19, '2023-08-24', 'ligula sit amet eleifend pede libero quis orci nullam molestie', 8);
insert into MANTENIMIENTOS (id, tipo, fecha, km, proxima, descripcion, vehiculo) values (16, 'RUEDAS', '2023-09-08', 40, '2023-05-05', 'sed tristique in tempus sit amet sem fusce consequat nulla', 8);
insert into MANTENIMIENTOS (id, tipo, fecha, km, proxima, descripcion, vehiculo) values (17, 'RUEDAS', '2023-09-21', 71, '2023-09-13', 'nunc donec quis orci eget orci vehicula condimentum curabitur in', 19);
insert into MANTENIMIENTOS (id, tipo, fecha, km, proxima, descripcion, vehiculo) values (18, 'RUEDAS', '2023-10-25', 2, '2023-09-09', 'nam congue risus semper porta volutpat quam pede lobortis ligula', 15);
insert into MANTENIMIENTOS (id, tipo, fecha, km, proxima, descripcion, vehiculo) values (19, 'ACEITE', '2023-10-11', 2, '2023-09-16', 'justo morbi ut odio cras mi pede malesuada in imperdiet', 10);
insert into MANTENIMIENTOS (id, tipo, fecha, km, proxima, descripcion, vehiculo) values (20, 'RUEDAS', '2023-08-16', 2, '2023-11-06', 'nibh in quis justo maecenas rhoncus aliquam lacus morbi quis', 4);
insert into MANTENIMIENTOS (id, tipo, fecha, km, proxima, descripcion, vehiculo) values (21, 'LIQUIDO_FRENOS', '2023-10-07', 7, '2023-05-10', 'in imperdiet et commodo vulputate justo in blandit ultrices enim', 5);
insert into MANTENIMIENTOS (id, tipo, fecha, km, proxima, descripcion, vehiculo) values (22, 'CORREA', '2023-04-09', 82, '2023-08-07', 'nibh fusce lacus purus aliquet at feugiat non pretium quis', 9);
insert into MANTENIMIENTOS (id, tipo, fecha, km, proxima, descripcion, vehiculo) values (23, 'RUEDAS', '2023-02-21', 40, '2023-09-27', 'ligula in lacus curabitur at ipsum ac tellus semper interdum', 19);
insert into MANTENIMIENTOS (id, tipo, fecha, km, proxima, descripcion, vehiculo) values (24, 'LIQUIDO_FRENOS', '2023-01-21', 88, '2023-10-19', 'nec nisi volutpat eleifend donec ut dolor morbi vel lectus', 6);
insert into MANTENIMIENTOS (id, tipo, fecha, km, proxima, descripcion, vehiculo) values (25, 'LIQUIDO_FRENOS', '2023-09-09', 36, '2023-01-18', 'hac habitasse platea dictumst etiam faucibus cursus urna ut tellus', 18);
insert into MANTENIMIENTOS (id, tipo, fecha, km, proxima, descripcion, vehiculo) values (26, 'RUEDAS', '2023-01-12', 55, '2023-09-04', 'quisque id justo sit amet sapien dignissim vestibulum vestibulum ante', 20);
insert into MANTENIMIENTOS (id, tipo, fecha, km, proxima, descripcion, vehiculo) values (27, 'RUEDAS', '2023-09-12', 2, '2023-05-09', 'a libero nam dui proin leo odio porttitor id consequat', 3);
insert into MANTENIMIENTOS (id, tipo, fecha, km, proxima, descripcion, vehiculo) values (28, 'LIQUIDO_FRENOS', '2023-03-19', 17, '2023-09-17', 'metus arcu adipiscing molestie hendrerit at vulputate vitae nisl aenean', 16);
insert into MANTENIMIENTOS (id, tipo, fecha, km, proxima, descripcion, vehiculo) values (29, 'RUEDAS', '2023-03-21', 79, '2023-12-24', 'libero nam dui proin leo odio porttitor id consequat in', 16);
insert into MANTENIMIENTOS (id, tipo, fecha, km, proxima, descripcion, vehiculo) values (30, 'ACEITE', '2023-05-16', 78, '2023-06-19', 'bibendum imperdiet nullam orci pede venenatis non sodales sed tincidunt', 20);
insert into MANTENIMIENTOS (id, tipo, fecha, km, proxima, descripcion, vehiculo) values (31, 'ACEITE', '2023-02-26', 72, '2023-05-25', 'volutpat convallis morbi odio odio elementum eu interdum eu tincidunt', 5);
insert into MANTENIMIENTOS (id, tipo, fecha, km, proxima, descripcion, vehiculo) values (32, 'CORREA', '2023-04-12', 3, '2023-06-16', 'in faucibus orci luctus et ultrices posuere cubilia curae duis', 15);
insert into MANTENIMIENTOS (id, tipo, fecha, km, proxima, descripcion, vehiculo) values (33, 'CORREA', '2023-02-07', 10, '2023-04-11', 'velit donec diam neque vestibulum eget vulputate ut ultrices vel', 11);
insert into MANTENIMIENTOS (id, tipo, fecha, km, proxima, descripcion, vehiculo) values (34, 'RUEDAS', '2023-11-28', 7, '2023-03-16', 'eget tincidunt eget tempus vel pede morbi porttitor lorem id', 6);
insert into MANTENIMIENTOS (id, tipo, fecha, km, proxima, descripcion, vehiculo) values (35, 'CORREA', '2023-06-17', 71, '2023-10-16', 'primis in faucibus orci luctus et ultrices posuere cubilia curae', 7);
insert into MANTENIMIENTOS (id, tipo, fecha, km, proxima, descripcion, vehiculo) values (36, 'LIQUIDO_FRENOS', '2023-08-02', 74, '2023-08-07', 'magna bibendum imperdiet nullam orci pede venenatis non sodales sed', 11);
insert into MANTENIMIENTOS (id, tipo, fecha, km, proxima, descripcion, vehiculo) values (37, 'RUEDAS', '2023-09-02', 45, '2023-09-02', 'tortor duis mattis egestas metus aenean fermentum donec ut mauris', 20);
insert into MANTENIMIENTOS (id, tipo, fecha, km, proxima, descripcion, vehiculo) values (38, 'RUEDAS', '2023-10-31', 51, '2023-12-30', 'in felis donec semper sapien a libero nam dui proin', 9);
insert into MANTENIMIENTOS (id, tipo, fecha, km, proxima, descripcion, vehiculo) values (39, 'ACEITE', '2023-01-17', 64, '2023-05-31', 'convallis eget eleifend luctus ultricies eu nibh quisque id justo', 20);
insert into MANTENIMIENTOS (id, tipo, fecha, km, proxima, descripcion, vehiculo) values (40, 'ACEITE', '2023-06-08', 13, '2023-08-23', 'integer pede justo lacinia eget tincidunt eget tempus vel pede', 17);
insert into MANTENIMIENTOS (id, tipo, fecha, km, proxima, descripcion, vehiculo) values (41, 'RUEDAS', '2023-03-31', 50, '2023-10-06', 'sed tristique in tempus sit amet sem fusce consequat nulla', 18);
insert into MANTENIMIENTOS (id, tipo, fecha, km, proxima, descripcion, vehiculo) values (42, 'RUEDAS', '2023-04-06', 7, '2023-09-19', 'magnis dis parturient montes nascetur ridiculus mus etiam vel augue', 10);
insert into MANTENIMIENTOS (id, tipo, fecha, km, proxima, descripcion, vehiculo) values (43, 'ACEITE', '2023-04-18', 3, '2023-05-30', 'amet sapien dignissim vestibulum vestibulum ante ipsum primis in faucibus', 13);
insert into MANTENIMIENTOS (id, tipo, fecha, km, proxima, descripcion, vehiculo) values (44, 'CORREA', '2023-11-26', 17, '2023-10-27', 'at nunc commodo placerat praesent blandit nam nulla integer pede', 20);
insert into MANTENIMIENTOS (id, tipo, fecha, km, proxima, descripcion, vehiculo) values (45, 'ACEITE', '2023-03-27', 75, '2023-03-07', 'turpis elementum ligula vehicula consequat morbi a ipsum integer a', 5);
insert into MANTENIMIENTOS (id, tipo, fecha, km, proxima, descripcion, vehiculo) values (46, 'RUEDAS', '2023-11-29', 16, '2023-04-06', 'donec diam neque vestibulum eget vulputate ut ultrices vel augue', 6);
insert into MANTENIMIENTOS (id, tipo, fecha, km, proxima, descripcion, vehiculo) values (47, 'RUEDAS', '2023-11-30', 92, '2023-03-18', 'volutpat in congue etiam justo etiam pretium iaculis justo in', 6);
insert into MANTENIMIENTOS (id, tipo, fecha, km, proxima, descripcion, vehiculo) values (48, 'ACEITE', '2023-06-26', 86, '2023-12-10', 'accumsan tellus nisi eu orci mauris lacinia sapien quis libero', 20);
insert into MANTENIMIENTOS (id, tipo, fecha, km, proxima, descripcion, vehiculo) values (49, 'CORREA', '2023-11-19', 21, '2023-05-22', 'a pede posuere nonummy integer non velit donec diam neque', 3);
insert into MANTENIMIENTOS (id, tipo, fecha, km, proxima, descripcion, vehiculo) values (50, 'CORREA', '2023-12-31', 32, '2023-05-10', 'sapien dignissim vestibulum vestibulum ante ipsum primis in faucibus orci', 4);

-- FACTURAS
insert into FACTURAS (ID, FECHA, DESCRIPCION, PRECIO, MANTENIMIENTO) values (1, '2014-10-25', 'curae mauris viverra diam vitae quam suspendisse potenti nullam porttitor', 1925.52, 20);
insert into FACTURAS (ID, FECHA, DESCRIPCION, PRECIO, MANTENIMIENTO) values (2, '2014-10-25', 'vestibulum sit amet cursus id turpis integer aliquet massa id', 1635.67, 12);
insert into FACTURAS (ID, FECHA, DESCRIPCION, PRECIO, MANTENIMIENTO) values (3, '2014-10-25', 'posuere metus vitae ipsum aliquam non mauris morbi non lectus', 1594.9, 14);
insert into FACTURAS (ID, FECHA, DESCRIPCION, PRECIO, MANTENIMIENTO) values (4, '2014-10-25', 'dictumst maecenas ut massa quis augue luctus tincidunt nulla mollis', 948.57, 15);
insert into FACTURAS (ID, FECHA, DESCRIPCION, PRECIO, MANTENIMIENTO) values (5, '2014-10-25', 'venenatis turpis enim blandit mi in porttitor pede justo eu', 1546.45, 9);
insert into FACTURAS (ID, FECHA, DESCRIPCION, PRECIO, MANTENIMIENTO) values (6, '2014-10-25', 'blandit non interdum in ante vestibulum ante ipsum primis in', 1039.61, 19);
insert into FACTURAS (ID, FECHA, DESCRIPCION, PRECIO, MANTENIMIENTO) values (7, '2014-10-25', 'eu interdum eu tincidunt in leo maecenas pulvinar lobortis est', 1056.69, 15);
insert into FACTURAS (ID, FECHA, DESCRIPCION, PRECIO, MANTENIMIENTO) values (8, '2014-10-25', 'sapien iaculis congue vivamus metus arcu adipiscing molestie hendrerit at', 945.03, 23);
insert into FACTURAS (ID, FECHA, DESCRIPCION, PRECIO, MANTENIMIENTO) values (9, '2014-10-25', 'ante ipsum primis in faucibus orci luctus et ultrices posuere', 1420.65, 7);
insert into FACTURAS (ID, FECHA, DESCRIPCION, PRECIO, MANTENIMIENTO) values (10, '2014-10-25', 'suscipit ligula in lacus curabitur at ipsum ac tellus semper', 584.83, 6);
insert into FACTURAS (ID, FECHA, DESCRIPCION, PRECIO, MANTENIMIENTO) values (11, '2014-10-25', 'convallis tortor risus dapibus augue vel accumsan tellus nisi eu', 1878.94, 27);
insert into FACTURAS (ID, FECHA, DESCRIPCION, PRECIO, MANTENIMIENTO) values (12, '2014-10-25', 'nunc vestibulum ante ipsum primis in faucibus orci luctus et', 583.86, 22);
insert into FACTURAS (ID, FECHA, DESCRIPCION, PRECIO, MANTENIMIENTO) values (13, '2014-10-25', 'maecenas tincidunt lacus at velit vivamus vel nulla eget eros', 286.16, 21);
insert into FACTURAS (ID, FECHA, DESCRIPCION, PRECIO, MANTENIMIENTO) values (14, '2014-10-25', 'eget tempus vel pede morbi porttitor lorem id ligula suspendisse', 345.38, 23);
insert into FACTURAS (ID, FECHA, DESCRIPCION, PRECIO, MANTENIMIENTO) values (15, '2014-10-25', 'sapien cursus vestibulum proin eu mi nulla ac enim in', 963.58, 17);
insert into FACTURAS (ID, FECHA, DESCRIPCION, PRECIO, MANTENIMIENTO) values (16, '2014-10-25', 'sed interdum venenatis turpis enim blandit mi in porttitor pede', 626.46, 13);
insert into FACTURAS (ID, FECHA, DESCRIPCION, PRECIO, MANTENIMIENTO) values (17, '2014-10-25', 'justo etiam pretium iaculis justo in hac habitasse platea dictumst', 761.11, 4);
insert into FACTURAS (ID, FECHA, DESCRIPCION, PRECIO, MANTENIMIENTO) values (18, '2014-10-25', 'vitae nisi nam ultrices libero non mattis pulvinar nulla pede', 261.62, 8);
insert into FACTURAS (ID, FECHA, DESCRIPCION, PRECIO, MANTENIMIENTO) values (19, '2014-10-25', 'pretium iaculis justo in hac habitasse platea dictumst etiam faucibus', 1417.88, 24);
insert into FACTURAS (ID, FECHA, DESCRIPCION, PRECIO, MANTENIMIENTO) values (20, '2014-10-25', 'eget vulputate ut ultrices vel augue vestibulum ante ipsum primis', 491.15, 5);
insert into FACTURAS (ID, FECHA, DESCRIPCION, PRECIO, MANTENIMIENTO) values (21, '2014-10-25', 'tincidunt in leo maecenas pulvinar lobortis est phasellus sit amet', 582.88, 25);
insert into FACTURAS (ID, FECHA, DESCRIPCION, PRECIO, MANTENIMIENTO) values (22, '2014-10-25', 'diam id ornare imperdiet sapien urna pretium nisl ut volutpat', 1070.63, 2);
insert into FACTURAS (ID, FECHA, DESCRIPCION, PRECIO, MANTENIMIENTO) values (23, '2014-10-25', 'curae donec pharetra magna vestibulum aliquet ultrices erat tortor sollicitudin', 1885.49, 19);
insert into FACTURAS (ID, FECHA, DESCRIPCION, PRECIO, MANTENIMIENTO) values (24, '2014-10-25', 'quam sollicitudin vitae consectetuer eget rutrum at lorem integer tincidunt', 1242.94, 28);
insert into FACTURAS (ID, FECHA, DESCRIPCION, PRECIO, MANTENIMIENTO) values (25, '2014-10-25', 'vel sem sed sagittis nam congue risus semper porta volutpat', 1088.83, 25);
insert into FACTURAS (ID, FECHA, DESCRIPCION, PRECIO, MANTENIMIENTO) values (26, '2014-10-25', 'tristique est et tempus semper est quam pharetra magna ac', 113.6, 1);
insert into FACTURAS (ID, FECHA, DESCRIPCION, PRECIO, MANTENIMIENTO) values (27, '2014-10-25', 'eu orci mauris lacinia sapien quis libero nullam sit amet', 582.69, 3);
insert into FACTURAS (ID, FECHA, DESCRIPCION, PRECIO, MANTENIMIENTO) values (28, '2014-10-25', 'posuere nonummy integer non velit donec diam neque vestibulum eget', 772.96, 17);
insert into FACTURAS (ID, FECHA, DESCRIPCION, PRECIO, MANTENIMIENTO) values (29, '2014-10-25', 'in hac habitasse platea dictumst etiam faucibus cursus urna ut', 805.32, 25);
insert into FACTURAS (ID, FECHA, DESCRIPCION, PRECIO, MANTENIMIENTO) values (30, '2014-10-25', 'ut erat id mauris vulputate elementum nullam varius nulla facilisi', 476.83, 27);
insert into FACTURAS (ID, FECHA, DESCRIPCION, PRECIO, MANTENIMIENTO) values (31, '2014-10-25', 'justo pellentesque viverra pede ac diam cras pellentesque volutpat dui', 1005.21, 12);
insert into FACTURAS (ID, FECHA, DESCRIPCION, PRECIO, MANTENIMIENTO) values (32, '2014-10-25', 'ullamcorper purus sit amet nulla quisque arcu libero rutrum ac', 1349.59, 16);
insert into FACTURAS (ID, FECHA, DESCRIPCION, PRECIO, MANTENIMIENTO) values (33, '2014-10-25', 'velit vivamus vel nulla eget eros elementum pellentesque quisque porta', 538.92, 14);
insert into FACTURAS (ID, FECHA, DESCRIPCION, PRECIO, MANTENIMIENTO) values (34, '2014-10-25', 'amet erat nulla tempus vivamus in felis eu sapien cursus', 570.21, 11);
insert into FACTURAS (ID, FECHA, DESCRIPCION, PRECIO, MANTENIMIENTO) values (35, '2014-10-25', 'sem sed sagittis nam congue risus semper porta volutpat quam', 622.82, 10);
insert into FACTURAS (ID, FECHA, DESCRIPCION, PRECIO, MANTENIMIENTO) values (36, '2014-10-25', 'in eleifend quam a odio in hac habitasse platea dictumst', 1061.26, 9);
insert into FACTURAS (ID, FECHA, DESCRIPCION, PRECIO, MANTENIMIENTO) values (37, '2014-10-25', 'nulla eget eros elementum pellentesque quisque porta volutpat erat quisque', 556.97, 1);
insert into FACTURAS (ID, FECHA, DESCRIPCION, PRECIO, MANTENIMIENTO) values (38, '2014-10-25', 'non pretium quis lectus suspendisse potenti in eleifend quam a', 1903.03, 18);
insert into FACTURAS (ID, FECHA, DESCRIPCION, PRECIO, MANTENIMIENTO) values (39, '2014-10-25', 'amet eleifend pede libero quis orci nullam molestie nibh in', 1359.72, 9);
insert into FACTURAS (ID, FECHA, DESCRIPCION, PRECIO, MANTENIMIENTO) values (40, '2014-10-25', 'pede venenatis non sodales sed tincidunt eu felis fusce posuere', 1497.45, 26);
insert into FACTURAS (ID, FECHA, DESCRIPCION, PRECIO, MANTENIMIENTO) values (41, '2014-10-25', 'curabitur convallis duis consequat dui nec nisi volutpat eleifend donec', 1545.31, 7);
insert into FACTURAS (ID, FECHA, DESCRIPCION, PRECIO, MANTENIMIENTO) values (42, '2014-10-25', 'aliquam non mauris morbi non lectus aliquam sit amet diam', 395.03, 30);
insert into FACTURAS (ID, FECHA, DESCRIPCION, PRECIO, MANTENIMIENTO) values (43, '2014-10-25', 'ligula in lacus curabitur at ipsum ac tellus semper interdum', 751.14, 6);
insert into FACTURAS (ID, FECHA, DESCRIPCION, PRECIO, MANTENIMIENTO) values (44, '2014-10-25', 'lectus aliquam sit amet diam in magna bibendum imperdiet nullam', 118.01, 11);
insert into FACTURAS (ID, FECHA, DESCRIPCION, PRECIO, MANTENIMIENTO) values (45, '2014-10-25', 'semper sapien a libero nam dui proin leo odio porttitor', 1620.49, 12);
insert into FACTURAS (ID, FECHA, DESCRIPCION, PRECIO, MANTENIMIENTO) values (46, '2014-10-25', 'tortor sollicitudin mi sit amet lobortis sapien sapien non mi', 1668.63, 22);
insert into FACTURAS (ID, FECHA, DESCRIPCION, PRECIO, MANTENIMIENTO) values (47, '2014-10-25', 'nisl nunc rhoncus dui vel sem sed sagittis nam congue', 793.13, 21);
insert into FACTURAS (ID, FECHA, DESCRIPCION, PRECIO, MANTENIMIENTO) values (48, '2014-10-25', 'dignissim vestibulum vestibulum ante ipsum primis in faucibus orci luctus', 912.39, 24);
insert into FACTURAS (ID, FECHA, DESCRIPCION, PRECIO, MANTENIMIENTO) values (49, '2014-10-25', 'praesent id massa id nisl venenatis lacinia aenean sit amet', 1606.68, 4);
insert into FACTURAS (ID, FECHA, DESCRIPCION, PRECIO, MANTENIMIENTO) values (50, '2014-10-25', 'turpis elementum ligula vehicula consequat morbi a ipsum integer a', 1334.29, 13);
insert into FACTURAS (ID, FECHA, DESCRIPCION, PRECIO, MANTENIMIENTO) values (51, '2014-10-25', 'vel est donec odio justo sollicitudin ut suscipit a feugiat', 1679.39, 25);
insert into FACTURAS (ID, FECHA, DESCRIPCION, PRECIO, MANTENIMIENTO) values (52, '2014-10-25', 'donec dapibus duis at velit eu est congue elementum in', 1639.18, 6);
insert into FACTURAS (ID, FECHA, DESCRIPCION, PRECIO, MANTENIMIENTO) values (53, '2014-10-25', 'in congue etiam justo etiam pretium iaculis justo in hac', 1338.29, 11);
insert into FACTURAS (ID, FECHA, DESCRIPCION, PRECIO, MANTENIMIENTO) values (54, '2014-10-25', 'morbi quis tortor id nulla ultrices aliquet maecenas leo odio', 446.82, 9);
insert into FACTURAS (ID, FECHA, DESCRIPCION, PRECIO, MANTENIMIENTO) values (55, '2014-10-25', 'neque vestibulum eget vulputate ut ultrices vel augue vestibulum ante', 650.3, 28);
insert into FACTURAS (ID, FECHA, DESCRIPCION, PRECIO, MANTENIMIENTO) values (56, '2014-10-25', 'aliquam augue quam sollicitudin vitae consectetuer eget rutrum at lorem', 134.5, 26);
insert into FACTURAS (ID, FECHA, DESCRIPCION, PRECIO, MANTENIMIENTO) values (57, '2014-10-25', 'interdum venenatis turpis enim blandit mi in porttitor pede justo', 338.99, 2);
insert into FACTURAS (ID, FECHA, DESCRIPCION, PRECIO, MANTENIMIENTO) values (58, '2014-10-25', 'sapien in sapien iaculis congue vivamus metus arcu adipiscing molestie', 281.02, 28);
insert into FACTURAS (ID, FECHA, DESCRIPCION, PRECIO, MANTENIMIENTO) values (59, '2014-10-25', 'in congue etiam justo etiam pretium iaculis justo in hac', 337.44, 2);
insert into FACTURAS (ID, FECHA, DESCRIPCION, PRECIO, MANTENIMIENTO) values (60, '2014-10-25', 'posuere cubilia curae duis faucibus accumsan odio curabitur convallis duis', 533.68, 27);
insert into FACTURAS (ID, FECHA, DESCRIPCION, PRECIO, MANTENIMIENTO) values (61, '2014-10-25', 'vestibulum sed magna at nunc commodo placerat praesent blandit nam', 1756.18, 22);
insert into FACTURAS (ID, FECHA, DESCRIPCION, PRECIO, MANTENIMIENTO) values (62, '2014-10-25', 'id justo sit amet sapien dignissim vestibulum vestibulum ante ipsum', 1871.96, 17);
insert into FACTURAS (ID, FECHA, DESCRIPCION, PRECIO, MANTENIMIENTO) values (63, '2014-10-25', 'curabitur at ipsum ac tellus semper interdum mauris ullamcorper purus', 1071.0, 21);
insert into FACTURAS (ID, FECHA, DESCRIPCION, PRECIO, MANTENIMIENTO) values (64, '2014-10-25', 'vitae nisi nam ultrices libero non mattis pulvinar nulla pede', 1879.38, 15);
insert into FACTURAS (ID, FECHA, DESCRIPCION, PRECIO, MANTENIMIENTO) values (65, '2014-10-25', 'pellentesque eget nunc donec quis orci eget orci vehicula condimentum', 1252.05, 19);
insert into FACTURAS (ID, FECHA, DESCRIPCION, PRECIO, MANTENIMIENTO) values (66, '2014-10-25', 'faucibus orci luctus et ultrices posuere cubilia curae mauris viverra', 1719.23, 9);
insert into FACTURAS (ID, FECHA, DESCRIPCION, PRECIO, MANTENIMIENTO) values (67, '2014-10-25', 'id massa id nisl venenatis lacinia aenean sit amet justo', 1354.29, 26);
insert into FACTURAS (ID, FECHA, DESCRIPCION, PRECIO, MANTENIMIENTO) values (68, '2014-10-25', 'curae donec pharetra magna vestibulum aliquet ultrices erat tortor sollicitudin', 1317.62, 12);
insert into FACTURAS (ID, FECHA, DESCRIPCION, PRECIO, MANTENIMIENTO) values (69, '2014-10-25', 'hac habitasse platea dictumst aliquam augue quam sollicitudin vitae consectetuer', 575.35, 20);
insert into FACTURAS (ID, FECHA, DESCRIPCION, PRECIO, MANTENIMIENTO) values (70, '2014-10-25', 'volutpat eleifend donec ut dolor morbi vel lectus in quam', 173.74, 7);
insert into FACTURAS (ID, FECHA, DESCRIPCION, PRECIO, MANTENIMIENTO) values (71, '2014-10-25', 'felis fusce posuere felis sed lacus morbi sem mauris laoreet', 1861.34, 21);
insert into FACTURAS (ID, FECHA, DESCRIPCION, PRECIO, MANTENIMIENTO) values (72, '2014-10-25', 'sem fusce consequat nulla nisl nunc nisl duis bibendum felis', 600.61, 18);
insert into FACTURAS (ID, FECHA, DESCRIPCION, PRECIO, MANTENIMIENTO) values (73, '2014-10-25', 'nec nisi vulputate nonummy maecenas tincidunt lacus at velit vivamus', 645.69, 26);
insert into FACTURAS (ID, FECHA, DESCRIPCION, PRECIO, MANTENIMIENTO) values (74, '2014-10-25', 'consequat lectus in est risus auctor sed tristique in tempus', 952.77, 1);
insert into FACTURAS (ID, FECHA, DESCRIPCION, PRECIO, MANTENIMIENTO) values (75, '2014-10-25', 'aenean lectus pellentesque eget nunc donec quis orci eget orci', 491.42, 29);
insert into FACTURAS (ID, FECHA, DESCRIPCION, PRECIO, MANTENIMIENTO) values (76, '2014-10-25', 'volutpat quam pede lobortis ligula sit amet eleifend pede libero', 348.26, 24);
insert into FACTURAS (ID, FECHA, DESCRIPCION, PRECIO, MANTENIMIENTO) values (77, '2014-10-25', 'nam ultrices libero non mattis pulvinar nulla pede ullamcorper augue', 922.63, 25);
insert into FACTURAS (ID, FECHA, DESCRIPCION, PRECIO, MANTENIMIENTO) values (78, '2014-10-25', 'vel enim sit amet nunc viverra dapibus nulla suscipit ligula', 1780.01, 20);
insert into FACTURAS (ID, FECHA, DESCRIPCION, PRECIO, MANTENIMIENTO) values (79, '2014-10-25', 'phasellus sit amet erat nulla tempus vivamus in felis eu', 315.3, 26);
insert into FACTURAS (ID, FECHA, DESCRIPCION, PRECIO, MANTENIMIENTO) values (80, '2014-10-25', 'dui proin leo odio porttitor id consequat in consequat ut', 1100.66, 14);
insert into FACTURAS (ID, FECHA, DESCRIPCION, PRECIO, MANTENIMIENTO) values (81, '2014-10-25', 'donec vitae nisi nam ultrices libero non mattis pulvinar nulla', 1356.42, 20);
insert into FACTURAS (ID, FECHA, DESCRIPCION, PRECIO, MANTENIMIENTO) values (82, '2014-10-25', 'cras mi pede malesuada in imperdiet et commodo vulputate justo', 159.83, 15);
insert into FACTURAS (ID, FECHA, DESCRIPCION, PRECIO, MANTENIMIENTO) values (83, '2014-10-25', 'enim blandit mi in porttitor pede justo eu massa donec', 1977.63, 28);
insert into FACTURAS (ID, FECHA, DESCRIPCION, PRECIO, MANTENIMIENTO) values (84, '2014-10-25', 'enim blandit mi in porttitor pede justo eu massa donec', 1152.34, 18);
insert into FACTURAS (ID, FECHA, DESCRIPCION, PRECIO, MANTENIMIENTO) values (85, '2014-10-25', 'erat id mauris vulputate elementum nullam varius nulla facilisi cras', 662.52, 22);
insert into FACTURAS (ID, FECHA, DESCRIPCION, PRECIO, MANTENIMIENTO) values (86, '2014-10-25', 'eu felis fusce posuere felis sed lacus morbi sem mauris', 1094.09, 18);
insert into FACTURAS (ID, FECHA, DESCRIPCION, PRECIO, MANTENIMIENTO) values (87, '2014-10-25', 'morbi a ipsum integer a nibh in quis justo maecenas', 735.74, 23);
insert into FACTURAS (ID, FECHA, DESCRIPCION, PRECIO, MANTENIMIENTO) values (88, '2014-10-25', 'curabitur gravida nisi at nibh in hac habitasse platea dictumst', 1.52, 8);
insert into FACTURAS (ID, FECHA, DESCRIPCION, PRECIO, MANTENIMIENTO) values (89, '2014-10-25', 'tellus nulla ut erat id mauris vulputate elementum nullam varius', 1964.05, 24);
insert into FACTURAS (ID, FECHA, DESCRIPCION, PRECIO, MANTENIMIENTO) values (90, '2014-10-25', 'felis donec semper sapien a libero nam dui proin leo', 706.9, 29);
insert into FACTURAS (ID, FECHA, DESCRIPCION, PRECIO, MANTENIMIENTO) values (91, '2014-10-25', 'justo morbi ut odio cras mi pede malesuada in imperdiet', 1506.18, 12);
insert into FACTURAS (ID, FECHA, DESCRIPCION, PRECIO, MANTENIMIENTO) values (92, '2014-10-25', 'enim sit amet nunc viverra dapibus nulla suscipit ligula in', 80.73, 16);
insert into FACTURAS (ID, FECHA, DESCRIPCION, PRECIO, MANTENIMIENTO) values (93, '2014-10-25', 'in faucibus orci luctus et ultrices posuere cubilia curae donec', 1630.02, 5);
insert into FACTURAS (ID, FECHA, DESCRIPCION, PRECIO, MANTENIMIENTO) values (94, '2014-10-25', 'ultrices erat tortor sollicitudin mi sit amet lobortis sapien sapien', 886.63, 7);
insert into FACTURAS (ID, FECHA, DESCRIPCION, PRECIO, MANTENIMIENTO) values (95, '2014-10-25', 'amet justo morbi ut odio cras mi pede malesuada in', 505.8, 14);
insert into FACTURAS (ID, FECHA, DESCRIPCION, PRECIO, MANTENIMIENTO) values (96, '2014-10-25', 'sem mauris laoreet ut rhoncus aliquet pulvinar sed nisl nunc', 531.3, 30);
insert into FACTURAS (ID, FECHA, DESCRIPCION, PRECIO, MANTENIMIENTO) values (97, '2014-10-25', 'leo pellentesque ultrices mattis odio donec vitae nisi nam ultrices', 426.39, 16);
insert into FACTURAS (ID, FECHA, DESCRIPCION, PRECIO, MANTENIMIENTO) values (98, '2014-10-25', 'varius integer ac leo pellentesque ultrices mattis odio donec vitae', 26.85, 18);
insert into FACTURAS (ID, FECHA, DESCRIPCION, PRECIO, MANTENIMIENTO) values (99, '2014-10-25', 'in lacus curabitur at ipsum ac tellus semper interdum mauris', 1094.53, 25);
insert into FACTURAS (ID, FECHA, DESCRIPCION, PRECIO, MANTENIMIENTO) values (100, '2014-10-25', 'primis in faucibus orci luctus et ultrices posuere cubilia curae', 545.77, 11);